time,year,month,day,hour,PM2.5,PM10,SO2,NO2,CO,O3
2013,2013.0,7.5,15.803921568627452,11.5,68.67753828701078,94.79292359740626,16.906944290167193,36.367823827364006,1004.8340093135046,61.13179260538039
2014,2014.0,6.526027397260274,15.72054794520548,11.5,77.30054567022539,100.18827284549,17.645076299475438,37.489665945686134,1064.352183249821,67.30702567760342
2015,2015.0,6.526027397260274,15.72054794520548,11.5,70.65462155563307,89.40557925072045,8.692296072507553,28.40625798212005,1041.7419504285383,60.1863519212746
2016,2016.0,6.5136612021857925,15.756830601092895,11.5,61.12610106629578,82.25782603673328,6.6424930491195555,27.605322561482712,928.2117043599907,53.259199071387116
2017,2017.0,1.4745762711864407,15.288135593220339,11.5,74.265,92.02139800285306,9.765,38.95142857142857,1318.1883537023723,46.56397426733381
