dayofweek,PM2.5,PM10,SO2,NO2,CO,O3
0,64.6364065708419,87.58308823529413,11.650668208092485,30.532369167544783,954.2113718030015,61.12522619887896
1,65.17055785123966,85.97035897435897,11.596204336155276,32.58597178134234,1003.7573451701543,58.97545715469041
2,67.81765190525232,88.14154539864725,10.916448400328138,32.917479250052665,997.3497916666666,60.28383967861558
3,71.46939575170137,92.6753220200368,12.228030554414786,32.436242347260134,1035.6527431421446,59.94491289457397
4,72.29802874743326,92.67229702162383,12.352865807243708,33.33253987460815,1043.820676846884,57.914356527119
5,73.86352558895207,95.767274200081,12.757155410371581,33.66708815409971,1064.2889663658736,58.84952819247379
6,72.04058739547216,97.48444761516511,13.342097163995067,31.980558501982053,1056.3272802311185,61.68522295014422
