Q,PM2.5,PM10,SO2,NO2,CO,O3
1,83.02440972630096,102.54713301413057,22.36030906738798,41.14885214446953,1240.5953675254077,42.535093355286364
2,59.53091834262175,95.08178648713634,9.73098887677208,26.58321862684347,777.7537794299876,88.81981290243604
3,56.44509078293049,72.19501557632398,4.238416315179606,19.13353528351754,782.8946813495783,78.82092392011148
4,79.19849373347132,96.34413548460923,12.20210632329271,42.49601405687754,1276.3704222066713,30.45367287055279
